title,alt_titles,chapter,is_favorite,type,status,url,notes
"6 Worlds Of Cultivation","",14,0,"Manhua","Reading","",""
"A Returner's Magic Should Be Special","",147,0,"Manhwa","Reading","",""
"A-rank Boukensha No Slow Life","",1,0,"Manga","Reading","",""
"Above All Gods","",3.5,0,"Manga","Reading","",""
"After Being Reborn, I Became The Strongest To Save Everyone","",56,0,"Manga","Reading","",""
"After Transformation, Mine And Her Wild Fantasy","",48,0,"Manga","Reading","",""
"Again My Life","",96,0,"Manga","Reading","",""
"All Heavenly Days","",115,0,"Manga","Reading","",""
"Almadianos Eiyuuden","",17,0,"Manga","Reading","",""
"Almighty Master","",120,0,"Manga","Reading","",""
"An Oldman In Counterworld","",10,0,"Manga","Reading","",""
"Apotheosis","",362,0,"Manga","Reading","",""
"Arafoo Kenja No Isekai Seikatsu Nikki","",14,0,"Manga","Reading","",""
"Argate Online","",22.2,0,"Manga","Reading","",""
"Arifureta Shokugyou De Sekai Saikyou","",50,0,"Manga","Reading","",""
"Askr Yggdrasil's Wood","",34,0,"Manga","Reading","",""
"Auto Hunting","",78,0,"Manga","Reading","",""
"Baby Dragon Sitter","",6,0,"Manga","Reading","",""
"Banished Disciple's Counterattack","",38,0,"Manga","Reading","",""
"Battle Through The Heavens","",262,0,"Manhua","Reading","",""
"Be Blues! - Ao Ni Nare","",44,0,"Manga","Reading","",""
"Beauty, Sage And The Devil's Sword","",3,0,"Manga","Reading","",""
"Because I'm An Uncle Who Runs A Weapon Shop","",40,0,"Manga","Reading","",""
"Berserk Of Gluttony","",15,0,"Manga","Reading","",""
"Beware Of The Villainess!","",34,0,"Manhwa","Reading","",""
"Blue Lock","",105,0,"Manga","Reading","",""
"Boku No Heya Ga Dungeon No Kyuukeijo Ni Natteshimatta Ken","",10,0,"Manga","Reading","",""
"Boku Wa Beatles","",29,0,"Manga","Reading","",""
"Born To Be Rich","",18,0,"Manga","Reading","",""
"Botsuraku Youtei Nanode, Kajishokunin Wo Mezasu","",19,0,"Manga","Reading","",""
"Brave Girl","",5,0,"Manga","Reading","",""
"Break The World","",50.5,0,"Manga","Reading","",""
"Bug Player","",90,0,"Manhwa","Reading","",""
"Cate Land","",64,0,"Manga","Reading","",""
"Chainsaw Man","",1,0,"Manga","Reading","",""
"Chaotic Sword God","",80,0,"Manga","Reading","",""
"Cheat Kusushi No Slow Life: Isekai Ni Tsukurou Drugstore","",12,0,"Manga","Reading","",""
"Cheat Pharmacist's Slow Life: Making A Drugstore In Another World","",6,0,"Manga","Reading","",""
"Choujin Koukousei-tachi Wa Isekai Demo Yoyuu De Ikinuku You Desu!","",41,0,"Manga","Reading","",""
"Chronicles Of Heavenly Demon","",252,0,"Manga","Reading","",""
"Circle Zero's Otherworldly Hero Business Reboot","",74,0,"Manga","Reading","",""
"Collecting The Divine","",101,0,"Manga","Reading","",""
"Combatants Will Be Dispatched!","",6,0,"Manga","Reading","",""
"Craft Game No Nouryoku De Isekai Kouryaku!!","",10,0,"Manga","Reading","",""
"Crimson Karma","",27,0,"Manga","Reading","",""
"Cultivation Return On Campus","",71,0,"Manhua","Reading","",""
"Cultivator Against Hero Society","",49,0,"Manhua","Reading","",""
"Curry Naru Shokutaku","",1,0,"Manga","Reading","",""
"Da Zhu Zai","The Great Ruler",171,0,"Manhua","Reading","",""
"Dad Is A Hero, Mom Is A Spirit, I'm A Reincarnator","",36,0,"Manhwa","Reading","",""
"Death March Kara Hajimaru Isekai Kyousoukyoku","",56,0,"Manga","Reading","",""
"Demon's Sword Master Of Excalibur School","",8,0,"Manga","Reading","",""
"Did You Know That A Playboy Can Change His Job To A Sage? ~the Level 99 Jester Expelled From The Heroes' Party Will Become A 'great Sage'~","",28,0,"Manga","Reading","",""
"Different Kings","",34,0,"Manga","Reading","",""
"Doctor Elise","",73,0,"Manga","Reading","",""
"Dolkara","",25,0,"Manga","Reading","",""
"Dominate The Three Realms","",73,0,"Manhua","Reading","",""
"Don's Adventure In Another World","",173,0,"Manga","Reading","",""
"Doomsday Girlfriend: My Backyard Leads To Doomsday","",86,0,"Manga","Reading","",""
"Dorei Shounin","",16,0,"Manga","Reading","",""
"Douyara Watashi No Karada Wa Kanzen Muteki No You Desu Ne","",3,0,"Manga","Reading","",""
"Dr. Stone","",49,0,"Manga","Reading","",""
"Dreamcide","",5,0,"Manga","Reading","",""
"Dungeon Reset","",69,0,"Manhwa","Reading","",""
"Dungeon Seeker","",33,0,"Manhwa","Reading","",""
"E-rank Healer","",8,0,"Manga","Reading","",""
"Eiyuu No Musume To Shite Umarekawatta Eiyuu Wa Futatabi Eiyuu O Mezasu","",8,0,"Manga","Reading","",""
"Emperor Lingtian","",95,0,"Manga","Reading","",""
"Ernak","",53,0,"Manga","Reading","",""
"Everlasting God Of Sword","",111,0,"Manga","Reading","",""
"Ex Strongest Swordsman Long For Magic In Different World","Moto Saikyou No Kenshi Wa, Isekai Mahou Ni Akogareru",18,0,"Manga","Reading","",""
"Exterminator","",18,0,"Manga","Reading","",""
"Fantasista","",14,0,"Manga","Reading","",""
"Feng Qi Cang Lan","",166,0,"Manga","Reading","",""
"Final Fantasy: Lost Stranger","",20,0,"Manga","Reading","",""
"First Rate Master","",34,0,"Manga","Reading","",""
"From The Strongest Job Of Dragon Knight, To The Beginner Job Carrier, Somehow, I Am Dependent On The Heroes","",1,0,"Manga","Reading","",""
"Fukushuu O Koinegau Saikyou Yuusha Wa, Yami No Chikara De Senmetsu Musou Suru","",67,0,"Manga","Reading","",""
"Full Drive","",8,0,"Manga","Reading","",""
"Gacha Wo Mawashite Nakama Wo Fuyasu: Saikyou No Bishoujo Gundan Wo Tsukuriagero","",12,0,"Manga","Reading","",""
"Gaikotsu Kishi-sama Tadaima Isekai E O Dekake-chuu","",40,0,"Manga","Reading","",""
"Garbage Hero: A Revenge Story Of A Hero Who Got Summoned To Another World","",5,0,"Manga","Reading","",""
"Gekokujyo Program By A Child Prodigy Sefiria","",15,0,"Manga","Reading","",""
"Genjitsushugisha No Oukokukaizouki","",27,0,"Manga","Reading","",""
"Global Martial Arts","",50,0,"Manhua","Reading","",""
"Goblin Slayer","",30,0,"Manga","Reading","",""
"God Of Blackfield","",30,0,"Manga","Reading","",""
"God Of Martial Arts","",94.1,0,"Manhua","Reading","",""
"God Of The City","",42,0,"Manga","Reading","",""
"Goddess Creation System","",170,0,"Manga","Reading","",""
"God’s Eye Appraiser","",17,0,"Manga","Reading","",""
"Great Dragon Can Be Defeated With Bare Hands, But Isn't This A Common Sense?","",11,0,"Manga","Reading","",""
"Greatest Boss System","",42,0,"Manga","Reading","",""
"Greatest Outcast","",23,0,"Manga","Reading","",""
"Gunka No Baltzar","",8,0,"Manga","Reading","",""
"Hachinan Tte, Sore Wa Nai Deshou","",35,0,"Manga","Reading","",""
"Hagure Seirei Ino Shinsatsu Kiroku ~ Seijo Kishi-dan To Iyashi No Kamiwaza ~","",8,0,"Manga","Reading","",""
"Handyman Saitou In Another World","",4.5,0,"Manga","Reading","",""
"Hardcore Leveling Warrior","",59,0,"Manhwa","Reading","",""
"Heart-warming Meals With Mother Fenrir","",11,0,"Manga","Reading","",""
"Hero? I Quit A Long Time Ago","",190,0,"Manga","Reading","",""
"Hiraheishi Wa Kako O Yumemiru","",31,0,"Manga","Reading","",""
"His Mystery Girl","",9,0,"Manga","Reading","",""
"Hisshou Dungeon Unei Houhou","",12,0,"Manhwa","Reading","",""
"Hitoribocchi No Isekai Kouryaku","Lonely Attack On A Different World",66,0,"Manga","Reading","",""
"Holy Lord","",20,0,"Manga","Reading","",""
"Homeless Tensei: Isekai De Jiyuu Sugiru Majutsu Jisoku Seikatsu","",2.1,0,"Manga","Reading","",""
"Honzuki No Gekokujou","",25,0,"Manga","Reading","",""
"I Am A Demon King. I Got Remarried To A Mother Of A Brave Woman, So She Became My Daughter-in-law","",23,0,"Manga","Reading","",""
"I Am An Invincible Genius","",54,0,"Manga","Reading","",""
"I Am Behemoth Of The S Rank Monster But I Am Mistaken As A Cat And I Live As A Pet Of Elf Girl","",3,0,"Manga","Reading","",""
"I Am The Sorcerer King","",140,0,"Manga","Reading","",""
"I Became A Legend A Decade Later After Telling My Comrades To Leave Everything To Me And Retreat First","",20,0,"Manga","Reading","",""
"I Became The Emperor's Daughter One Day","",65,0,"Manga","Reading","",""
"I Became The Mother Of The Strongest Demon Lord's 10 Children In Another World","",1,0,"Manga","Reading","",""
"I Became The Strongest With The Failure Frame ""abnormal State Skill"" As I Devastated Everything","",8,0,"Manga","Reading","",""
"I Became The Villain's Mother","",72,0,"Manga","Reading","",""
"I Don't Really Get It, But It Looks Like I Was Reincarnated In An Another World","",13.1,0,"Manhwa","Reading","",""
"I Reincarnated Into An Otome Game As A Villainess With Only Destruction Flags","",24,0,"Manhwa","Reading","",""
"I Said Make My Abilities Average!","",6,0,"Manga","Reading","",""
"I Shall Seal The Heavens","",90,0,"Manhua","Reading","",""
"I Stack Experience Through Reading Books","",45,0,"Manga","Reading","",""
"I Swear I Won't Bother You Again!","",2,0,"Manga","Reading","",""
"I Was Kicked Out Of The Hero’s Party Because I Wasn’t A True Companion So I Decided To Have A Slow Life At The Frontier","",30,0,"Manga","Reading","",""
"I Was Naked When I Reached The Other World","",6,0,"Manga","Reading","",""
"I Was Trash","",97,0,"Manga","Reading","",""
"I Will Live Freely In Another World With Equipment Manufacturing Cheat","",11.1,0,"Manga","Reading","",""
"I Work As A Healer In Another World's Labyrinth City","",7,0,"Manga","Reading","",""
"I'm An Overlord","",28,0,"Manga","Reading","",""
"I'm Destined For Greatness!","",55,0,"Manga","Reading","",""
"I'm Not The Overlord","",38,0,"Manga","Reading","",""
"I, Who Acquired A Trash Skill Thermal Operator, Became Unrivaled","",10,0,"Manga","Reading","",""
"Ichioku-nen Button O Renda Shita Ore Wa, Kizuitara Saikyou Ni Natteita","",12.2,0,"Manga","Reading","",""
"If Only It's An Ideal Daughter, Would You Even Pamper The World's Strongest?","",18.1,0,"Manga","Reading","",""
"Immortal, Invincible","",141,0,"Manhua","Reading","",""
"Indestructible Primordial Spirit","",15,0,"Manga","Reading","",""
"Isekai Cheat Magic Swordsman","",20,0,"Manga","Reading","",""
"Isekai Cheat Magician","",17,0,"Manga","Reading","",""
"Isekai Cheat Survival Meshi","",5,0,"Manga","Reading","",""
"Isekai De ""kuro No Iyashi Te"" Tte Yobarete Imasu","",20,0,"Manga","Reading","",""
"Isekai De Café O Kaiten Shimashita","",27,0,"Manga","Reading","",""
"Isekai De Cheat Skill Wo Te Ni Shita Ore Wa, Genjitsu Sekai Wo Mo Musou Suru ~level Up Wa Jinsei Wo Kaeta~","",5.2,0,"Manga","Reading","",""
"Isekai De Kojiin Wo Hiraitakedo, Nazeka Darehitori Sudatou To Shinai Ken","",29,0,"Manga","Reading","",""
"Isekai De Skill Wo Kaitai Shitara Cheat Na Yome Ga Zoushoku Shimashita: Gainen Kousa No Structure","",24,0,"Manga","Reading","",""
"Isekai De Tada Hitori No Mamonotsukai - Tenshoku Shitara Maou Ni Machigawaremashita","",28,0,"Manga","Reading","",""
"Isekai Desu Ga Mamono Saibai Shiteimasu","",17.2,0,"Manga","Reading","",""
"Isekai Ekisha No Kissaten","",9,0,"Manga","Reading","",""
"Isekai Kenkokuki","",30.2,0,"Manga","Reading","",""
"Isekai Mahou Wa Okureteru!","",31,0,"Manga","Reading","",""
"Isekai Man Chikin -hp 1 No Mama De Saikyou Saisoku Danjon Kouryaku-","",2,0,"Manga","Reading","",""
"Isekai Maou To Shoukan Shoujo Dorei Majutsu","",46.2,0,"Manga","Reading","",""
"Isekai Meikyuu De Harem O","",19,0,"Manga","Reading","",""
"Isekai Ni Kita Mitai Dakedo Ikanisureba Yoi No Darou","",8,0,"Manga","Reading","",""
"Isekai Ni Tobasareta Ossan Wa Doko E Iku?","",22,0,"Manga","Reading","",""
"Isekai Nonbiri Nouka","",67,0,"Manga","Reading","",""
"Isekai Ryouridou","",11,0,"Manga","Reading","",""
"Isekai Shihai No Skill Taker: Zero Kara Hajimeru Dorei Harem","",42,0,"Manga","Reading","",""
"Isekai Shoukan Wa Nidome Desu","",18,0,"Manga","Reading","",""
"Isekai Tensei Ni Kansha O","",8,0,"Manga","Reading","",""
"Isekai Tensei No Boukensha","",11,0,"Manga","Reading","",""
"Isekai Tensei Soudouki","",57,0,"Manga","Reading","",""
"Isekai Wo Seigyo Mahou De Kirihirake!","",28,0,"Manga","Reading","",""
"Isekai Yakkyoku","",42,0,"Manga","Reading","",""
"Isekai Yururi Kikou: Kosodateshinagara Boukensha Shimasu","",21,0,"Manga","Reading","",""
"It's Sudden, But I Came To Another World! But I Hope To Live Safely","Isekai Demo Bunan Ni Ikitai Shoukougun",21,0,"Manga","Reading","",""
"Itai No Wa Iya Nanode Bougyo-ryoku Ni Kyokufuri Shitai To Omoimasu","",7,0,"Manga","Reading","",""
"I’ve Become The Villainous Emperor Of A Novel","",36,0,"Manga","Reading","",""
"Jaryuu Tensei","",25,0,"Manga","Reading","",""
"Jiang Ye","",42,0,"Manga","Reading","",""
"Jichou Shinai Motoyuusha No Tsuyokute Tanoshii New Game","",26,0,"Manga","Reading","",""
"Jimina Ken Sei Wa Sore Demo Saikyoudesu","",39,0,"Manga","Reading","",""
"Jishou! Heibon Mazoku No Eiyuu Life: B-kyuu Mazoku Nano Ni Cheat Dungeon Wo Tsukutteshimatta Kekka","",17.2,0,"Manga","Reading","",""
"Jitsu Wa Ore, Saikyou Deshita?","",14.2,0,"Manga","Reading","",""
"Jui-san No Oshigoto In Isekai","",17,0,"Manga","Reading","",""
"Jujutsu Kaisen","",5,0,"Manga","Reading","",""
"Junk The Black Shadow","",6,0,"Manga","Reading","",""
"Just One Smile Is Very Alluring","",50,0,"Manga","Reading","",""
"Kage No Jitsuryokusha Ni Naritakute","",40,0,"Manga","Reading","",""
"Kaifuku Jutsushi No Yarinaoshi","",32.1,0,"Manga","Reading","",""
"Kamitachi Ni Hirowareta Otoko","",27,0,"Manga","Reading","",""
"Kanzen Kaihi Healer No Kiseki","",16,0,"Manga","Reading","",""
"Karate Baka In Different World","",25,0,"Manga","Reading","",""
"Kenja No Deshi Wo Nanoru Kenja","",39,0,"Manga","Reading","",""
"Kenja No Mago","",25,0,"Manga","Reading","",""
"Kenshi O Mezashite Nyugaku Shitanoni Maho Tekisei 9999 Nandesukedo!?","",6,0,"Manga","Reading","",""
"Kill The Hero","",153,0,"Manga","Reading","",""
"King Golf","",123,0,"Manga","Reading","",""
"Kojiin Tamer","",17,0,"Manga","Reading","",""
"Konjiki No Moji Tsukai - Yuusha Yonin Ni Makikomareta Unique Cheat","",45,0,"Manga","Reading","",""
"Kono Sekai Ga Game Dato Ore Dake Ga Shitte Iru","",14,0,"Manga","Reading","",""
"Kouritsu Kuriya Madoushi, Daini No Jinsei De Madou O Kiwameru","",50,0,"Manga","Reading","",""
"Kouryakuhon O Kushi Suru Saikyou No Mahoutsukai ~< Meirei Sa Sero > To Wa Iwa Senai Oreryuu Mao Tobatsu Saizen Ruuto ~","",22,0,"Manga","Reading","",""
"Koushaku Reijou No Tashinami","",49,0,"Manga","Reading","",""
"Kujibiki Tokushou: Musou Hāremu Ken","",10.2,0,"Manga","Reading","",""
"Kumo Desu Ga, Nani Ka?","",51.1,0,"Manga","Reading","",""
"Kuro No Maou","",4,0,"Manga","Reading","",""
"Kuro No Shoukanshi","",94,0,"Manga","Reading","",""
"Kuro No Souzou Shoukanshi - Tenseisha No Hangyaku","",19,0,"Manga","Reading","",""
"Kyoukai Meikyuu To Ikai No Majutsushi","",33,0,"Manga","Reading","",""
"Law Of The Devil","",12.2,0,"Manga","Reading","",""
"Lazy Dungeon Master","",3.1,0,"Manhwa","Reading","",""
"Legacy Of The Nine Suns","",25,0,"Manga","Reading","",""
"Legend","",55,0,"Manga","Reading","",""
"Legend Of Phoenix","",22,0,"Manga","Reading","",""
"Legend Of Spirit Blade","",45,0,"Manga","Reading","",""
"Legend Of The Northern Blade","",72,0,"Manga","Reading","",""
"Legend Reboot","",52,0,"Manga","Reading","",""
"Let's Be An Adventurer! ~defeating Dungeons With A Skill Board~","",20,0,"Manhwa","Reading","",""
"Level 1 With S-rank Drop Rate Is The Strongest","",18.2,0,"Manga","Reading","",""
"Level Up Just By Eating","",9.2,0,"Manga","Reading","",""
"Leveling Up, By Only Eating!","",50,0,"Manhwa","Reading","",""
"Ling Tian Shendi","",21,0,"Manhua","Reading","",""
"Live Dungeon!","",31,0,"Manhwa","Reading","",""
"Long Live The King","",124,0,"Manga","Reading","",""
"Lv2 Kara Cheat Datta Moto Yuusha Kouho No Mattari Isekai Life","",13,0,"Manga","Reading","",""
"Lv999 No Murabito","",17,0,"Manga","Reading","",""
"Magi Craft Meister","",27,0,"Manga","Reading","",""
"Magic Artisan Dahliya Won't Hang Her Head ~dahliya Wilts No More~","",2,0,"Manga","Reading","",""
"Magic Emperor","",134,0,"Manga","Reading","",""
"Mahou? Sonna Koto Yori Kinniku Da!","",15,0,"Manga","Reading","",""
"Maken No Daydreamer","",34,0,"Manga","Reading","",""
"Makikomarete Isekai Teni Suru Yatsu Wa, Taitei Cheat","",31,0,"Manga","Reading","",""
"Mannen D-rank No Chuunen Boukensha, Yotta Ikioi De Densetsu No Ken Wo Hikkonuku","",6,0,"Manga","Reading","",""
"Maou Gun Saikyou No Majutsushi Wa Ningen Datta","",23.3,0,"Manga","Reading","",""
"Maou Ni Natta Node, Dungeon Tsukutte Jingai Musume To Honobono Suru","",27.2,0,"Manga","Reading","",""
"Maou-sama No Machizukuri! ~saikyou No Dungeon Wa Kindai Toshi~","",31,0,"Manga","Reading","",""
"Maou-sama Retry R","",3,0,"Manga","Reading","",""
"Martial Art Successor","",21,0,"Manhua","Reading","",""
"Martial Arts Reigns","",190,0,"Manhua","Reading","",""
"Martial God’s Space","",45.5,0,"Manhua","Reading","",""
"Martial Master","",347,0,"Manhua","Reading","",""
"Martial Peak","",319,0,"Manhua","Reading","",""
"Maseki Gurume: Mamono No Chikara O Tabeta Ore Wa Saikyou!","",51,0,"Manga","Reading","",""
"Mashle","",41,0,"Manga","Reading","",""
"Master Of Gu","",78,0,"Manga","Reading","",""
"Medical God's Hand","",111,0,"Manga","Reading","",""
"Medical Return","",85,0,"Manga","Reading","",""
"Megan To Dangan O Tsukatte Isekai O Buchinuku!","",14,0,"Manga","Reading","",""
"Meikyuu Black Company","",11,0,"Manga","Reading","",""
"Memorize","",55,0,"Manga","Reading","",""
"Metropolitan City's Ying Yang Miracle Doctor","",80,0,"Manga","Reading","",""
"Metropolitan Supremacy System","",125,0,"Manga","Reading","",""
"Metropolitan System","",83,0,"Manga","Reading","",""
"Miao Shou Xian Dan","",19.4,0,"Manga","Reading","",""
"Micah","",23,0,"Manga","Reading","",""
"Miracle Doctor, Abandoned Girl","",32,0,"Manga","Reading","",""
"Mo Shou Jian Sheng","",31,0,"Manga","Reading","",""
"Modern Day God","",28,0,"Manga","Reading","",""
"Monogatari No Naka No Hito","",12,0,"Manga","Reading","",""
"Monster No Goshujin-sama","",5,0,"Manga","Reading","",""
"Mookhyang - Dark Lady","",73,0,"Manga","Reading","",""
"Moto Saikyou No Kenshi Wa, Isekai Mahou Ni Akogareru","",19,0,"Manga","Reading","",""
"Murabito Desu Ga Nani Ka?","",26,0,"Manga","Reading","",""
"Murabito Tensei: Saikyou No Slow Life","",27,0,"Manga","Reading","",""
"Mushoku Tensei - Isekai Ittara Honki Dasu","",49,0,"Manga","Reading","",""
"My Amazing Wechat","",174,0,"Manga","Reading","",""
"My Dad Is Too Strong","",82,0,"Manga","Reading","",""
"My Status As An Assassin Obviously Exceeds The Brave's","",18,0,"Manga","Reading","",""
"My Wife Is A Demon Queen","",185,0,"Manga","Reading","",""
"Mysterious Job Called Oda Nobunaga","",11,0,"Manga","Reading","",""
"Nageki No Bourei Wa Intai Shitai - Saijiyaku Hanta Ni Yoru Saikiyou Patei Ikusei Jutsu","",5,0,"Manga","Reading","",""
"Neet Dakedo Hello Work Ni Ittara Isekai Ni Tsuretekareta","",12,0,"Manga","Reading","",""
"Next Life","",15,0,"Manga","Reading","",""
"Ni Xi Ba Mo Wang","",38.1,0,"Manga","Reading","",""
"Nidome No Jinsei Wo Isekai De","",39,0,"Manga","Reading","",""
"Nidome No Yuusha","",11,0,"Manga","Reading","",""
"Nobunaga No Chef","",38,0,"Manga","Reading","",""
"Nonbiri Vrmmoki","",25,0,"Manga","Reading","",""
"Noumin Kanren No Skill Bakka Agetetara Naze Ka Tsuyoku Natta","",19,0,"Manga","Reading","",""
"Nozomanu Fushi No Boukensha","",39,0,"Manga","Reading","",""
"Omniscient Reader","",48,0,"Manga","Reading","",""
"One Punch-man","",170,0,"Manga","Reading","",""
"Only Sense Online","",47,0,"Manga","Reading","",""
"Ore Dake Haireru Kakushi Dungeon: Kossori Kitaete Sekai Saikyou","",17.2,0,"Manga","Reading","",""
"Ore To Kawazu-san No Isekai Hourouki","",37,0,"Manga","Reading","",""
"Ossan (36) Ga Idol Ni Naru Hanashi","",6,0,"Manga","Reading","",""
"Other World Warrior","",44,0,"Manga","Reading","",""
"Other Worldly Evil Monarch","",52,0,"Manga","Reading","",""
"Overgeared","",110,0,"Manga","Reading","",""
"Overlord","",65,0,"Manga","Reading","",""
"Past Life Regressor","",29,0,"Manga","Reading","",""
"Peerless Alchemist","",106,0,"Manga","Reading","",""
"People Made Fun Of Me For Being Jobless But Its Not Bad At All","",7,0,"Manga","Reading","",""
"Player Reborn","",79,0,"Manhwa","Reading","",""
"Potion Tanomi De Ikinobimasu!","",21,0,"Manga","Reading","",""
"Qin Xia","",12,0,"Manga","Reading","",""
"Ragna Crimson","",5,0,"Manga","Reading","",""
"Raid","",81,0,"Manga","Reading","",""
"Re:monster","",66,0,"Manga","Reading","",""
"Realist Maou Niyoru Seiiki Naki Isekai Kaikaku","",25,0,"Manga","Reading","",""
"Rebirth Of The Divine Doctor","",6.5,0,"Manga","Reading","",""
"Rebirth Of The Urban Immortal Cultivator","",328,0,"Manhua","Reading","",""
"Rebirth Of The Urban Mad Immortal","",54,0,"Manhua","Reading","",""
"Rebirth Self Cultivation","",44,0,"Manhua","Reading","",""
"Rebirth: City Deity","",49,0,"Manga","Reading","",""
"Reborn 80,000 Years","",69,0,"Manga","Reading","",""
"Reborn As A Barrier Master","",16,0,"Manga","Reading","",""
"Reborn Doctor","",8,0,"Manga","Reading","",""
"Record Of The War God","",80,0,"Manga","Reading","",""
"Release That Witch","",246,0,"Manga","Reading","",""
"Return From The World Of Immortals","",113,0,"Manhua","Reading","",""
"Return Of Immortal Emperor","",86,0,"Manhua","Reading","",""
"Return Of Xiandi","",74,0,"Manga","Reading","",""
"Reverse Villain","",93,0,"Manga","Reading","",""
"Rise Of The Demon King","",31,0,"Manga","Reading","",""
"Robot X Laserbeam","",40,0,"Manga","Reading","",""
"Rooftop Sword Master","",99,0,"Manga","Reading","",""
"Rules For Peddling In Another World","",4,0,"Manga","Reading","",""
"Saikyou Juzoku Tensei: Cheat Majutsushi No Slow Life","",15,0,"Manga","Reading","",""
"Saikyou Mahoushi No Inton Keikaku","",13,0,"Manga","Reading","",""
"Saikyou No Kurokishi, Sentou Maid Ni Tenshoku Shimashita","",17,0,"Manga","Reading","",""
"Saikyou No Shokugyou Wa Yuusha Demo Kenja Demo Naku Kanteishi (kari) Rashii Desu Yo?","",26.2,0,"Manga","Reading","",""
"Saikyou No Shuzoku Ga Ningen Datta Ken","",6,0,"Manga","Reading","",""
"Save The World! Uncle","",2,0,"Manga","Reading","",""
"Saving 80,000 Gold Coins In The Different World For My Old Age","",19.1,0,"Manga","Reading","",""
"Sayounara Ryuusei, Konnichiwa Jinsei","",30.5,0,"Manga","Reading","",""
"Second Life Ranker","",85,0,"Manhwa","Reading","",""
"Seichou Cheat De Nandemo Dekiru You Ni Natta Ga, Mushoku Dake Wa Yamerarenai You Desu","",27,0,"Manga","Reading","",""
"Seiji Tanaka Secretary To The Managing President, General Time Industries","",16,0,"Manga","Reading","",""
"Seijo No Maryoku Wa Bannou Desu","",10.3,0,"Manga","Reading","",""
"Seirei Gensouki","",21,0,"Manga","Reading","",""
"Sekai Saikyou No Kouei: Meikyuukoku No Shinjin Tansakusha","",11,0,"Manga","Reading","",""
"Sekkaku Cheat Wo Moratte Isekai Ni Teni Shita N Dakara, Suki Na You Ni Ikitemitai","",7,0,"Manga","Reading","",""
"Shen Yi Di Nu","",100,0,"Manga","Reading","",""
"Sheng Zu","",11,0,"Manga","Reading","",""
"Shenwu Tianzun","",230,0,"Manga","Reading","",""
"Shijou Saikyou No Daimaou, Murabito A Ni Tensei Suru","",14,0,"Manga","Reading","",""
"Shikkaku Mon No Saikyou Kenja","",45.1,0,"Manga","Reading","",""
"Shingan No Yuusha","",23,0,"Manga","Reading","",""
"Shinka No Mi","",12,0,"Manga","Reading","",""
"Shirokuma Tensei","",19,0,"Manga","Reading","",""
"Shitei Bouryoku Shoujo Shiomi-chan","",30,0,"Manga","Reading","",""
"Shokugeki No Soma","",272,0,"Manga","Reading","",""
"Shougakusei Ga Mama Demo Ii Desu Ka?","",9,0,"Manga","Reading","",""
"Shoujo Kishidan X Knight Tale","",6,0,"Manga","Reading","",""
"Shoukan Sareta Kenja Wa Isekai Wo Yuku - Saikyou Nano Wa Fuyou Zaiko No Item Deshita","",23,0,"Manga","Reading","",""
"Shounin Yuusha Wa Isekai Wo Gyuujiru! – Saibai Skill De Nandemo Fuyashi Chaimasu","",14,0,"Manga","Reading","",""
"Skeleton Soldier Couldn’t Protect The Dungeon","",107,0,"Manhwa","Reading","",""
"Solo Login","",58,0,"Manga","Reading","",""
"Soukyuu Boys","",13,0,"Manga","Reading","",""
"Souzai Saishuka No Isekai Ryokouki","",25,0,"Manga","Reading","",""
"Spirit Of Esports","",19,0,"Manga","Reading","",""
"Spirit Sword Sovereign","",256,0,"Manga","Reading","",""
"Star Martial God Technique","",220,0,"Manhua","Reading","",""
"Starting From Today I'll Work As A City Lord","",313,0,"Manga","Reading","",""
"Stellar Transformation","",171,0,"Manga","Reading","",""
"Strongest Abandoned Son","",154,0,"Manga","Reading","",""
"Strongest Leveling","",1,0,"Manhwa","Reading","",""
"Strongest System","",11,0,"Manga","Reading","",""
"Super Doctor K","",29,0,"Manga","Reading","",""
"Super System","",36,0,"Manga","Reading","",""
"Supreme Demon","",88,0,"Manga","Reading","",""
"Supreme Godly System","",147,0,"Manga","Reading","",""
"Surgical Swordsman","",17,0,"Manga","Reading","",""
"Survival Story Of A Sword King In A Fantasy World","",87,0,"Manga","Reading","",""
"Swallowed Star","",71,0,"Manga","Reading","",""
"Sword Empire","",10.2,0,"Manga","Reading","",""
"Takarakuji De 40-oku Atattandakedo Isekai Ni Ijuu Suru","",18,0,"Manga","Reading","",""
"Talented Genius","",8,0,"Manga","Reading","",""
"Tales Of Demons And Gods","",259.5,0,"Manga","Reading","",""
"Tanaka The Wizard","",21,0,"Manga","Reading","",""
"Tate No Yuusha No Nariagari","",52,0,"Manga","Reading","",""
"Tatoeba Last Dungeon Mae No Mura No Shounen Ga Joban No Machi De Kurasu Youna Monogatari","",9,0,"Manga","Reading","",""
"Tensei Kenja No Isekai Raifu ~daini No Shokugyo Wo Ete, Sekai Saikyou Ni Narimashita~","",28,0,"Manga","Reading","",""
"Tensei Kizoku Kantei Skill De Nariagaru","Reincarnated As An Aristocrat With An Appraisal Skill",132,0,"Manga","Reading","",""
"Tensei Kizoku No Isekai Boukenroku ~jichou Wo Shiranai Kamigami No Shito~","",38,0,"Manga","Reading","",""
"Tensei Kyuuketsukisan Wa Ohirune Ga Shitai","",23,0,"Manga","Reading","",""
"Tensei Ouji Wa Daraketai","",26,0,"Manga","Reading","",""
"Tensei Saki Ga Shoujo Manga No Shiro Buta Reijou Datta","",3.5,0,"Manga","Reading","",""
"Tensei Shitara Dragon No Tamago Datta - Saikyou Igai Mezasa Nee","",20.7,0,"Manga","Reading","",""
"Tensei Shitara Ken Deshita","",28,0,"Manga","Reading","",""
"Tensei Shitara Slime Datta Ken","",115,0,"Manga","Reading","",""
"Tensei Shite Inaka De Slowlife Wo Okuritai","",31,0,"Manga","Reading","",""
"Tenseishichatta Yo (iya, Gomen)","",39,0,"Manga","Reading","",""
"That Inferior Knight, Actually Level 999","",4.5,0,"Manga","Reading","",""
"The Abandoned Hero Is Going Home","",2.5,0,"Manga","Reading","",""
"The Banished Villainess! Living The Leisurely Life Of A Nun Making Revolutionary Church Food","",17,0,"Manhwa","Reading","",""
"The Beginning After The End","",195,0,"Manga","Reading","",""
"The Blade Of Evolution-walking Alone In The Dungeon","",57,0,"Manhwa","Reading","",""
"The Death Mage Who Doesn't Want A Fourth Time","Yondome Wa Iyana Shi Zokusei Majutsushi",52,0,"Manga","Reading","",""
"The Descent Of The Demonic Master","",141,0,"Manga","Reading","",""
"The Dragon Master","",15,0,"Manga","Reading","",""
"The Dungeon Master","",43,0,"Manhwa","Reading","",""
"The Exiled Reincarnated Heavy Knight Is Unrivaled In Game Knowledge","",10,0,"Manhwa","Reading","",""
"The Former Top 1's Sub-character Training Diary ~a Dedicated Player Is Currently Conquering Another World!~","",25,0,"Manhwa","Reading","",""
"The Gamer","",261,0,"Manga","Reading","",""
"The Gateway Of Revolution","",1,0,"Manga","Reading","",""
"The Ghostly Doctor","",149,0,"Manga","Reading","",""
"The Glamorous Doctor Divorces Her Husband","",24,0,"Manga","Reading","",""
"The Great Conqueror","",34,0,"Manga","Reading","",""
"The Great Mage Returns After 4000 Years","",141,0,"Manga","Reading","",""
"The Guild Official With The Out-of-the-way Skill “shadowy” Is, In Fact, The Legendary Assassin","",21,0,"Manga","Reading","",""
"The Guild's Cheat Receptionist","",11,0,"Manga","Reading","",""
"The Heaven's List","",33.5,0,"Manga","Reading","",""
"The Hero Who Has No Class. I Don't Need Any Skills, It's Okay","",28,0,"Manga","Reading","",""
"The Hunter","",210,0,"Manhwa","Reading","",""
"The Iceblade Magician Rules Over The World","",20,0,"Manga","Reading","",""
"The Imperial Poisonous Concubine","",39,0,"Manga","Reading","",""
"The King's Avatar","",63.3,0,"Manga","Reading","",""
"The Labyrinth Raids Of The Ultimate Tank ~the Tank Possessing A Rare 9,999 Endurance Skill Was Expelled From The Hero Party~","",7.4,0,"Manga","Reading","",""
"The Last Human","",248,0,"Manga","Reading","",""
"The Law Of The Alien Merchants","",82,0,"Manga","Reading","",""
"The Legendary Moonlight Sculptor","",119,0,"Manga","Reading","",""
"The Magic Chef Of Ice And Fire Vol 2 -","",31,0,"Manga","Reading","",""
"The Magician Wants Normality","",1,0,"Manga","Reading","",""
"The Master Of Martial Arts Retired Life","",2,0,"Manhua","Reading","",""
"The Monster Of 1st Grade, Class A","",12,0,"Manga","Reading","",""
"The New Gate","",52,0,"Manga","Reading","",""
"The Other World Doesn't Stand A Chance Against The Power Of Instant Death","",60,0,"Manga","Reading","",""
"The Peerless Concubine","",89.5,0,"Manga","Reading","",""
"The Principle Of A Philosopher By Eternal Fool ""asley""","",27,0,"Manga","Reading","",""
"The Rebirth Of An 8th-circled Wizard","",153,0,"Manga","Reading","",""
"The Rebirth Of The Demon God","",51,0,"Manga","Reading","",""
"The Reincarnated Great Saint Hides That She's A Saint","",13,0,"Manhwa","Reading","",""
"The Reincarnated Inferior Magic Swordsman","",50,0,"Manhwa","Reading","",""
"The Reincarnation Magician Of The Inferior Eyes","",59,0,"Manhwa","Reading","",""
"The Ride-on King","",29,0,"Manga","Reading","",""
"The Rise Of Tanaka In Another World","",5,0,"Manga","Reading","",""
"The Rise Of The Unemployed Wise Man","",42,0,"Manga","Reading","",""
"The Scholar's Reincarnation","",200,0,"Manhwa","Reading","",""
"The Second Coming Of Gluttony","",27,0,"Manga","Reading","",""
"The Small Sage Will Try Her Best In The Different World From Lv. 1!","",12,0,"Manga","Reading","",""
"The Sorcerer King Of Destruction And The Golem Of The Barbarian Queen","",5,0,"Manga","Reading","",""
"The Strongest Brave Man Of The Black Wizard","",4.3,0,"Manga","Reading","",""
"The Strongest Brave Who Craves For Revenge, Extinguish With The Power Of Darkness","",3.2,0,"Manga","Reading","",""
"The Strongest Cheat Player","",17,0,"Manhwa","Reading","",""
"The Strongest Magical Swordsman Ever Reborn As An F-rank Adventurer","",77,0,"Manga","Reading","",""
"The Strongest Manager In History","",48,0,"Manga","Reading","",""
"The Strongest Warlord Goes To School","",7,0,"Manga","Reading","",""
"The Strongest Wizard Becomes A Countryside Guardsman After Taking An Arrow To The Knee","",3.2,0,"Manga","Reading","",""
"The Super Doctor From 2089","",26,0,"Manga","Reading","",""
"The Sword Of Glory","",17,0,"Manga","Reading","",""
"The Swordsman Called The Countless Swords Sorcerer","",10,0,"Manga","Reading","",""
"The Tutorial Tower Of The Advanced Player","",92,0,"Manhwa","Reading","",""
"The Undefeatable Swordsman","",116,0,"Manga","Reading","",""
"The Unfavorable Job [appraiser] Is Actually The Strongest","",38.1,0,"Manga","Reading","",""
"The Unsuccessful Yet Academically Unparalleled Sage ~a Cheating S-rank Sorcerer's Post-rebirth Adventurer Log~","",9,0,"Manga","Reading","",""
"The Villainess Will Crush Her Destruction End Through Modern Firepower","",63,0,"Manhwa","Reading","",""
"The World Is Full Of Monsters Now, Therefor I Want To Live As I Wish","",14,0,"Manga","Reading","",""
"The World Of Otome Games Is Tough For Mobs","",25,0,"Manga","Reading","",""
"The World's Best Assassin, Reincarnated In A Different World As An Aristocrat","",8.2,0,"Manhwa","Reading","",""
"The Wrong Way To Use Healing Magic","",15,0,"Manga","Reading","",""
"The Youngest Princess","",20,0,"Manhwa","Reading","",""
"This ""summon Kitchen"" Skill Is Amazing! ~amassing Points By Cooking In Another World~","",7,0,"Manga","Reading","",""
"Toaru Ossan No Vrmmo Katsudouki","",33,0,"Manga","Reading","",""
"Tomb Raider King","",76,0,"Manga","Reading","",""
"Tondemo Skill De Isekai Hourou Meshi","",45,0,"Manga","Reading","",""
"Transcending The Nine Heavens","",16.2,0,"Manhua","Reading","",""
"Trash Of The Count’s Family","",67,0,"Manga","Reading","",""
"Treat Of Reincarnation: The Advent Of The Almighty Pastry Chef","",1.1,0,"Manhwa","Reading","",""
"Tsuki Ga Michibiku Isekai Douchuu","",72,0,"Manga","Reading","",""
"Tsuyokute New Saga","",68,0,"Manga","Reading","",""
"Ubau Mono Ubawareru Mono","",8.1,0,"Manga","Reading","",""
"Urban Fairy King","",33,0,"Manga","Reading","",""
"Urban Legend","",3,0,"Manga","Reading","",""
"Vengeance Of The Heavenly Demon","",7,0,"Manga","Reading","",""
"Versatile Mage","",104,0,"Manga","Reading","",""
"Villain Initialization","",13,0,"Manga","Reading","",""
"Villainess Level 99 ~i May Be The Hidden Boss But I'm Not The Demon Lord","",5,0,"Manhwa","Reading","",""
"Violent Path Martial Arts School","",8.3,0,"Manhua","Reading","",""
"Virtual World: Close Combat Mage","",85,0,"Manga","Reading","",""
"Volcanic Age","",208,0,"Manga","Reading","",""
"Wan Gu Shen Wang","",96,0,"Manga","Reading","",""
"Wang Gu Shen Wang","The Strongest God King",134,0,"Manhua","Reading","",""
"Wanwan Monogatari ~kanemochi No Inu N Shite To Wa Itta Ga, Fenrir Ni Shiro To Wa Itte Nee!~","",12.1,0,"Manga","Reading","",""
"Weak 5000 - Year Old Vegan Dragon","",7,0,"Manga","Reading","",""
"Welcome To Cheap Restaurant Of Outcast!","",3,0,"Manga","Reading","",""
"When A Stupid Fps Player Falls To Another World","",22.1,0,"Manhwa","Reading","",""
"While Killing Slimes For 300 Years, I Became The Max Level Unknowingly","",7,0,"Manga","Reading","",""
"Winner Takes All","",57,0,"Manga","Reading","",""
"With Single Palm Founding A Pioneering Village A In Another World - Live With The Married Girls In Uninhabited Island Life","",5,0,"Manga","Reading","",""
"World Customize Creator","",58,0,"Manga","Reading","",""
"World Of Immortals","",23,0,"Manhua","Reading","",""
"World Teacher","",30,0,"Manga","Reading","",""
"World's End Harem - Fantasia","",3,0,"Manga","Reading","",""
"World's Ruler","",11,0,"Manga","Reading","",""
"Wortenia Senki","",22,0,"Manga","Reading","",""
"Wu Dong Qian Kun","",220,0,"Manga","Reading","",""
"X - Epoch Of The Dragon","",48,0,"Manga","Reading","",""
"Xian Ni","Renegade Immortal",102,0,"Manga","Reading","",""
"Yakudatazu Skill Ni Jinsei O Sosogikomi 25-nen, Imasara Saikyou No Boukentan Midori Kashi No Akira","",11,0,"Manga","Reading","",""
"Yakuza Reincarnation","",28,0,"Manhwa","Reading","",""
"Yamemasu Tsugi No Shokuba Ha Mao Jo","",23.2,0,"Manga","Reading","",""
"Yankee Wa Isekai De Seirei Ni Aisaremasu","",19,0,"Manga","Reading","",""
"Yasei No Last Boss Ga Arawareta!","",27,0,"Manga","Reading","",""
"Yong Heng Zhi Zun","",201,0,"Manga","Reading","",""
"Youkoso Jitsuryoku Shijou Shugi No Kyoushitsu E","",14,0,"Manga","Reading","",""
"Yuan Zun","",171.5,0,"Manga","Reading","",""
"Zhi Zun Shen Mo","",72,0,"Manga","Reading","",""
"Zui Qiang Shen Wang","",48,0,"Manga","Reading","",""
"1st Year Max Level Manager","",25,0,"Manga","Reading","",""
"9th Class Sword Master: the Guardian of the Sword","",37,0,"Manga","Reading","",""
"99 Boss","",46,0,"Manga","Reading","",""
"990k Ex-Life Hunter","",95,0,"Manhwa","Reading","",""
"A Boy Who Has Been Reincarnated Twice Spends Peacefully As an S-Rank Adventurer, ~ I Who Was a Sage and a Hero of Previous World, Will Live in Peacefullness in the Next World~","",25,0,"Manhwa","Reading","",""
"Absolute Dominion","",40,0,"Manga","Reading","",""
"Absolute Necromancer","",38,0,"Manga","Reading","",""
"Absolute Regression","",105,0,"Manhwa","Reading","",""
"Absolute Sword Sense","",148,0,"Manga","Reading","",""
"Academy's Reincarnated Hero","",41,0,"Manhwa","Reading","",""
"Academy’s Genius Swordmaster","",109,0,"Manga","Reading","",""
"Academy’s Undercover Professor","",12,0,"Manga","Reading","",""
"A Cadet Becomes a Prophet","",17,0,"Manga","Reading","",""
"A Corporate Underling Who Excels At Work","",73,0,"Manga","Reading","",""
"A Court Magician, Who Was Focused on Supportive Magic Because His Allies Were Too Weak, Aims to Become the Strongest After Being Banished","",51,0,"Manga","Reading","",""
"A Dragonslayer's Peerless Regression","",79,0,"Manhwa","Reading","",""
"After Rebirth, I Used Mirror Reversal for Vengeance","",46,0,"Manga","Reading","",""
"After Signing in for 30 Days, I Can Annihilate Stars","",66,0,"Manga","Reading","",""
"All Football Talents Are Mine","",105,0,"Manga","Reading","",""
"Almighty Pig Slaughtering Knife","",51,0,"Manga","Reading","",""
"A Man with a Thousand Skills Started to Summon a Beast in Different World!","",2,0,"Manga","Reading","",""
"A Mercenary's Second Playthrough","",17,0,"Manga","Reading","",""
"A Mercenary’s Rebirth Among Nobles","",50,0,"Manhwa","Reading","",""
"A Modern Man Who Got Transmigrated Into the Murim World","",110,0,"Manhwa","Reading","",""
"Arcane Sniper","",130,0,"Manga","Reading","",""
"Archmage Streamer","",97,0,"Manga","Reading","",""
"Archmage Transcending Through Regression","",96,0,"Manhwa","Reading","",""
"A Regressor's Tale of Cultivation","",22,0,"Manhua","Reading","",""
"As a Virtuous Middle-Aged Man, My New Life Was Confirmed to Be Sss Rank","",20,0,"Manga","Reading","",""
"A Secretly Capable Child Is Seeking for Her Dad","",25,0,"Manga","Reading","",""
"A Wimp's Strategy Guide to Conquer the Tower","",46,0,"Manhwa","Reading","",""
"A World-Class Walkthrough","",53,0,"Manga","Reading","",""
"Backwater Old Man Becomes a Swordmaster","",18,0,"Manga","Reading","",""
"Baek Xx","",14,0,"Manga","Reading","",""
"Barbarian Adventure in a Fantasy World","",72,0,"Manga","Reading","",""
"Become the Strongest Hero Through the Cheat System","",86,0,"Manga","Reading","",""
"Becoming a Legendary Ace Employee","",132,0,"Manga","Reading","",""
"Becoming the Swordmaster Rank Young Lord of the Sichuan Tang Family","",56,0,"Manga","Reading","",""
"Beethoven Reborn","",49,0,"Manga","Reading","",""
"Be the Actor","",126,0,"Manga","Reading","",""
"Bizarre Restaurant","",18,0,"Manga","Reading","",""
"Black Abyss At Dawn","",20,0,"Manga","Reading","",""
"Black Serpent","",32,0,"Manga","Reading","",""
"Bloodhound’s Regression Instinct","",100,0,"Manhwa","Reading","",""
"Boku No Kawaii Musume Wa Futago No Kenja","",6,0,"Manga","Reading","",""
"Boss in School","",85,0,"Manga","Reading","",""
"Boss Returns","",74,0,"Manga","Reading","",""
"Bouncer","",23,0,"Manga","Reading","",""
"Boundless Necromancer","",89,0,"Manga","Reading","",""
"Bowblade Spirit","",113,0,"Manga","Reading","",""
"Buta Koushaku Ni Tensei Shitakara, Kondo Wa Kimi Ni Suki to Iitai","",30,0,"Manga","Reading","",""
"Castle","",31,0,"Manga","Reading","",""
"Chairman Kang: the Newcomer","",41,0,"Manga","Reading","",""
"Champion’s Path to Murim","",26,0,"Manhwa","Reading","",""
"Chaos Alchemist","",39,0,"Manga","Reading","",""
"Cheat Skill ""shisha Sosei"" Ga Kakusei Shite Inishieno Maougun Wo Fukkatsu Sasete Shimaimashita ~dare Mo Shinasenai Saikyou Hiiro~","",18,0,"Manga","Reading","",""
"Childhood Friend of the Zenith","",32,0,"Manga","Reading","",""
"Chronicles of the Demon Faction","",101,0,"Manga","Reading","",""
"Chronicles of the Lazy Sovereign","",67,0,"Manga","Reading","",""
"Chronicles of the Martial God’s Return","",39,0,"Manhua","Reading","",""
"Control Player","",32,0,"Manhwa","Reading","",""
"Crazy Genius Composer","",98,0,"Manga","Reading","",""
"Creepy Pharmacist: All My Patients Are Horrific","",26,0,"Manga","Reading","",""
"Crimson Reset","",61,0,"Manga","Reading","",""
"Cultivating with an Immortal's Memory","",47,0,"Manhua","Reading","",""
"Dame Skill [auto Mode] Ga Kakuseishimashita ~are, Guild No Scout-San, Ore Wo ""iranai""-Tte Itte Masendeshita?~","",59,0,"Manga","Reading","",""
"Damn Reincarnation","",80,0,"Manhwa","Reading","",""
"Dark and Light Martial Emperor","",52,0,"Manhua","Reading","",""
"Death Is the Only Ending for the Villainess","",103,0,"Manhwa","Reading","",""
"Demon Evolution","",23,0,"Manga","Reading","",""
"Demonic Master of Mount Kunlun","",38,0,"Manga","Reading","",""
"Demonic Supreme Sword","",24,0,"Manga","Reading","",""
"Demon King Mismatched School ~the Founder of the Strongest Demon King in History, He Arrives At School As Descendants After Reincarnating~","",15.3,0,"Manhwa","Reading","",""
"Demon Lord's Martial Arts Ascension","",63,0,"Manhua","Reading","",""
"Devil Down Under","",13,0,"Manga","Reading","",""
"Devouring Realm","",51,0,"Manhua","Reading","",""
"Dexter Attack","",11,0,"Manga","Reading","",""
"Divine Emperor","",14,0,"Manga","Reading","",""
"Divine Soul Emperor","",19,0,"Manga","Reading","",""
"Doctor's Rebirth","",149,0,"Manga","Reading","",""
"Doctor's Time Travel to Joseon","",45,0,"Manga","Reading","",""
"Dorei Tensei: Sono Dorei, Saikyou No Moto Ouji Ni Tsuki","",27,0,"Manga","Reading","",""
"Double Click","",13,0,"Manga","Reading","",""
"Dr. Shin Seonhan Who Sees the Future","",30,0,"Manga","Reading","",""
"Dragon-Devouring Mage","",50,0,"Manga","Reading","",""
"Dragon Son-in-Law God of War","",41,0,"Manga","Reading","",""
"Dr Player","",65,0,"Manhwa","Reading","",""
"Dukedom's Legendary Prodigy","",35,0,"Manhwa","Reading","",""
"Duke Pendragon","",75,0,"Manhwa","Reading","",""
"Dungeon Defense","",34,0,"Manhwa","Reading","",""
"Dungeon Odyssey","",15,0,"Manhwa","Reading","",""
"Dungeons & Artifacts","",48,0,"Manhwa","Reading","",""
"Embodiment of the Assassin in the Murim World","",5,0,"Manhwa","Reading","",""
"Emperor Domination","",30,0,"Manga","Reading","",""
"Ending Maker","",60,0,"Manga","Reading","",""
"Entomologist in Sichuan Tang Clan","",18,0,"Manga","Reading","",""
"Estio","",28,0,"Manga","Reading","",""
"Eternally Regressing Knight","",112,0,"Manga","Reading","",""
"Existence","",32,0,"Manga","Reading","",""
"F-Class Destiny Hunter","",37,0,"Manhwa","Reading","",""
"Fighting Again for a Lifetime (return of the Youngest Grandmaster)","",24,0,"Manga","Reading","",""
"Fist Demon of Mount Hua","",182,0,"Manhwa","Reading","",""
"Forced to Become the Villainous Son-in-Law","",36,0,"Manga","Reading","",""
"For the Musical Genius","",48,0,"Manga","Reading","",""
"From Acting Genius to Top Idol","",66,0,"Manga","Reading","",""
"From the Grave and Back","",150,0,"Manga","Reading","",""
"Full-Time Awakening","",40,0,"Manga","Reading","",""
"Genius Archer’s Streaming","",26,0,"Manga","Reading","",""
"Genius Corpse-Collecting Warrior","",46,0,"Manga","Reading","",""
"Genius Doctor Lee Moo-Jin","",56,0,"Manga","Reading","",""
"Genius Grandson of the Loan Shark King","",69,0,"Manga","Reading","",""
"Genius Martial Arts Trainer","",104,0,"Manhua","Reading","",""
"Genius of the Unique Lineage","",12,0,"Manga","Reading","",""
"Genkai Level 1 Kara No Nariagari: Saijaku Level No Ore Ga Isekai Saikyou Ni Naru Made","",12,0,"Manga","Reading","",""
"God-Level Assassin, I’m the Shadow","",28,0,"Manga","Reading","",""
"God of Autopsy","",26,0,"Manga","Reading","",""
"God of Cooking","",22,0,"Manga","Reading","",""
"God Tribe","",20,0,"Manga","Reading","",""
"Golden Print","",49,0,"Manga","Reading","",""
"Grand General","",24,0,"Manga","Reading","",""
"Great Doctor Ling Ran","",133,0,"Manga","Reading","",""
"Han Dae Sung Returned From Hell","",117,0,"Manga","Reading","",""
"Heavenly Demon Bakery","",17,0,"Manga","Reading","",""
"Heavenly Demon Cultivation Simulation","",27,0,"Manhua","Reading","",""
"Heavenly Demon Instructor","",51,0,"Manga","Reading","",""
"Heavenly Grand Archive’s Young Master","",178,0,"Manga","Reading","",""
"Heavenly Inquisition Sword","",26,0,"Manga","Reading","",""
"Heavenly Martial God","",65,0,"Manhua","Reading","",""
"Heavenly Sword’s Grand Saga","",40,0,"Manga","Reading","",""
"Heir of Mythical Heroes","",29,0,"Manga","Reading","",""
"Helmut: the Forsaken Child","",40,0,"Manga","Reading","",""
"Henkyou Gurashi No Maou, Tensei Shite Saikyou No Majutsushi Ni Naru","",10,0,"Manga","Reading","",""
"Hero of His Own Opinion","",15,0,"Manga","Reading","",""
"High Class","",5,0,"Manga","Reading","",""
"Hoarding in Hell","",56,0,"Manga","Reading","",""
"Holy Emperor's Grandson Is a Necromancer","",58,0,"Manga","Reading","",""
"Home Plate Villain","",27,0,"Manga","Reading","",""
"How to Live As an Unlicensed Healer","",60,0,"Manga","Reading","",""
"How to Live As the Vampire Lord","",21,0,"Manga","Reading","",""
"How to Retire As a Disaster Necromancer","",23,0,"Manga","Reading","",""
"Hua Tuo Reincarnated As a Modern Surgical Genius","",56,0,"Manhwa","Reading","",""
"I'm a Martial Art Villainess, but I'm the Strongest!","",54,0,"Manhua","Reading","",""
"I'm Gonna Annihilate This Land","",55,0,"Manga","Reading","",""
"I'm Not Really the Evil God's Lackey","",76,0,"Manga","Reading","",""
"I'm the Evil Lord of an Intergalactic Empire!","",6,0,"Manga","Reading","",""
"I'm the Only One with Unfavorable Skills, Isekai Summoning Rebellion","",8,0,"Manga","Reading","",""
"I've Been Kicked Out of an S-Rank Guild. but Only I Can Communicate with Dragons. Before I Knew It, I Became the Greatest Dragon Knight","",33,0,"Manga","Reading","",""
"I Am Carrying Gold From the Post-Apocalyptic World","",31,0,"Manga","Reading","",""
"I Am Reborn As the Sword God","",39,0,"Manga","Reading","",""
"I Awoke As a God After Auto Battling for a Million Years","",19,0,"Manga","Reading","",""
"I Became a Cheat-Level Skill Thief","",14,0,"Manga","Reading","",""
"I Became a Genius Salesman","",16,0,"Manga","Reading","",""
"I Became a Mage in a Medieval Fantasy World","",26,0,"Manga","Reading","",""
"I Became an S-Rank Hunter with the Demon Lord App","",22,0,"Manhwa","Reading","",""
"I Became a Renowned Family’s Sword Prodigy","",117,0,"Manga","Reading","",""
"I Became a Terminally-Ill Knight","",33,0,"Manga","Reading","",""
"I Became a Top Actor Just By Reading Books","",27,0,"Manga","Reading","",""
"I Became the Genius Bastard of a Noble Dark Clan","",66,0,"Manhwa","Reading","",""
"I Became the Mad Emperor","",42,0,"Manga","Reading","",""
"I Became the Mother of the Strongest Demon Lord's 10 Children in Another World","",27.2,0,"Manga","Reading","",""
"I Became the Rogue First Prince","I Became the First Prince: Legend of Sword's Song",28,0,"Manhwa","Reading","",""
"I Became the Successor of the Martial God","",50,0,"Manhua","Reading","",""
"I Became the Tyrant of a Defence Game","",10,0,"Manga","Reading","",""
"I Built a Lifespan Club","",35,0,"Manga","Reading","",""
"I Can See the Success Rate","",28,0,"Manga","Reading","",""
"Ice Lord","",65,0,"Manga","Completed","",""
"I Got a New Skill Every Time I Was Exiled, and After 100 Different Worlds, I Was Unmatched","",22,0,"Manga","Reading","",""
"I Got Lucky and Pulled a 10th Rank Summon","",21,0,"Manga","Reading","",""
"I Have an Sss-Rank Trait, but I Want a Normal Life","",39,0,"Manga","Reading","",""
"I Killed an Academy Player","",56,0,"Manhwa","Reading","",""
"Immortal Merchant","",25,0,"Manhua","Reading","",""
"Infinite Level Up in Murim","",201,0,"Manhwa","Reading","",""
"Infinite Mage","",87,0,"Manga","Reading","",""
"I Obtained a Mythic Item","",107,0,"Manga","Reading","",""
"I Picked a Hammer to Save the World","",31,0,"Manga","Reading","",""
"I Regressed As the Duke","",104,0,"Manhwa","Reading","",""
"I Regressed to My Ruined Family","",89,0,"Manga","Reading","",""
"I Reincarnated As a Legendary Surgeon","",140,0,"Manhwa","Reading","",""
"I Reincarnated As the Crazed Heir","",66,0,"Manhwa","Reading","",""
"I Returned As an Fff-Class Witch Doctor","",37,0,"Manga","Reading","",""
"Isekai Apocalypse Mynoghra ~the Conquest of the World Starts with the Civilization of Ruin~","",26,0,"Manga","Reading","",""
"Isekai de Te Ni Ireta Seisan Skill Wa Saikyou Datta You Desu","",10,0,"Manga","Reading","",""
"Isekai Kenja No Tensei Musou ~geemu No Chishiki de Isekai Saikyou~","",14,0,"Manga","Reading","",""
"I Shall Live As a Prince","",72,0,"Manhwa","Reading","",""
"I Started a New Life After Being Kicked Out of the Hero Party","",29,0,"Manga","Reading","",""
"Is This Hero for Real?","",68,0,"Manga","Reading","",""
"Is This Hunter for Real?","",62,0,"Manhwa","Reading","",""
"It All Starts with a Group of Primitive People","",9,0,"Manga","Reading","",""
"I Took Over the Academy with a Single Sashimi Knife","",9,0,"Manga","Reading","",""
"It Starts with a Kingpin Account","",11,0,"Manga","Reading","",""
"I Used to Be a Boss","",71,0,"Manga","Reading","",""
"I Was Dismissed From the Hero’s Party Because They Don’t Need My Training Skills, So I Strengthened My [fief] Which I Got As a Replacement for My Retirement Money","",25,0,"Manga","Reading","",""
"I Will Raise This Family to Greatness","",71,0,"Manga","Reading","",""
"I’ll Be the Matriarch in This Life","",210,0,"Manga","Reading","",""
"I’ll Just Live on As a Villainess","",29,0,"Manhwa","Reading","",""
"I’m the Only One Loved By the Constellations","",36,0,"Manga","Reading","",""
"I’m the Only One with Genius Dna","",79,0,"Manga","Reading","",""
"I’m the Stepmother, but My Daughter Is Too Cute","",67,0,"Manga","Reading","",""
"Judge Lee Han Young","",34,0,"Manga","Reading","",""
"Kamigami Ni Sodaterare Shimo No, Saikyou to Naru","",13,0,"Manga","Reading","",""
"Kanchigai No Atelier Meister","",12,0,"Manga","Reading","",""
"King of Beast","",43,0,"Manga","Reading","",""
"Kitchen Soldier","",106,0,"Manga","Reading","",""
"Killer Pietro","",28,0,"Manga","Reading","",""
"Legendary Ranker’s Comeback","",39,0,"Manhwa","Reading","",""
"Legendary Youngest Son of the Marquis House","",95,0,"Manga","Reading","",""
"Legend of Asura – the Venom Dragon","",27,0,"Manga","Reading","",""
"Legend of Mir: the Golden Armored Dragon","",16,0,"Manga","Reading","",""
"Legend of Star General","",45,0,"Manga","Reading","",""
"Legend of the Reincarnated Demon God","",58,0,"Manhwa","Reading","",""
"Let's Aim for the Deepest Part of the Otherworldly Labyrinth","",16,0,"Manga","Reading","",""
"Level-Up Doctor","",82,0,"Manga","Reading","",""
"Level 1 Player","",42,0,"Manhwa","Reading","",""
"Level Drain","",36,0,"Manga","Reading","",""
"Leveling Up with Likes","",35,0,"Manhwa","Reading","",""
"Leveling with the Gods","",131,0,"Manhwa","Reading","",""
"Level Up Alone","",60,0,"Manga","Reading","",""
"Life and Death: the Awakening","",36,0,"Manga","Reading","",""
"Life of a War Emperor After Retirement","",37,0,"Manga","Reading","",""
"Limit Breaker","",48,0,"Manga","Reading","",""
"Limitless Predation","",25,0,"Manga","Reading","",""
"Magic Level 99990000 All-Attribute Great Sage","",15,0,"Manga","Reading","",""
"Manager Kim","",25,0,"Manga","Reading","",""
"Margrave’s Bastard Son Was the Emperor","",114,0,"Manga","Reading","",""
"Marriage of Convenience","",46,0,"Manga","Reading","",""
"Martial God Regressed to Level 2","",117,0,"Manhua","Reading","",""
"Martial Inverse","",64,0,"Manhua","Reading","",""
"Master of the Martial Arts Library","",38,0,"Manhua","Reading","",""
"Masters of Lightning Knives","",109,0,"Manga","Reading","",""
"Maxed Out Leveling","",66,0,"Manhwa","Reading","",""
"Max Level Hero Has Returned","",123,0,"Manga","Reading","",""
"Max Level Returner","",81,0,"Manhwa","Reading","",""
"May the Congressman Protect You","",64,0,"Manga","Reading","",""
"Memoir of the King of War","",198,0,"Manga","Reading","",""
"Mercenary Enrollment","",280,0,"Manga","Reading","",""
"Moon-Shadow Sword Emperor","",85,0,"Manga","Reading","",""
"Mount Hua Sect's Genius Phantom Swordsman","",58,0,"Manhwa","Reading","",""
"Mr Devourer, Please Act Like a Final Boss","",112,0,"Manga","Reading","",""
"Murim Login","",97,0,"Manhwa","Reading","",""
"Murim Psychopath","",45,0,"Manhwa","Reading","",""
"Muscle Joseon","",55,0,"Manga","Reading","",""
"My Civil Servant Life Reborn in the Strange World","",33,0,"Manga","Reading","",""
"My Daughter Is a Music Genius","",57,0,"Manga","Reading","",""
"My Daughter Is the Final Boss","",35,0,"Manga","Reading","",""
"My Death Flags Show No Sign of Ending","",30,0,"Manga","Reading","",""
"My Gift Lvl 9999 Unlimited Gacha","",211,0,"Manga","Reading","",""
"My Lucky Encounter From the Game Turned Into Reality","",12,0,"Manga","Reading","",""
"Myst, Might, Mayhem","",30,0,"Manga","Reading","",""
"My [repair] Skill Became a Versatile Cheat, So I Think I'll Open a Weapon Shop","",6,0,"Manga","Reading","",""
"Nano Machine","",332,0,"Manga","Reading","",""
"Nation-Class Dungeon Architect","",24,0,"Manhwa","Reading","",""
"Necromancer’s Evolutionary Traits","",64,0,"Manga","Reading","",""
"Night of the Soulless Heathens","",15,0,"Manga","Reading","",""
"Noble Reincarnation ~blessed with the Strongest Power From Birth~","",24,0,"Manhwa","Reading","",""
"One Step Divine Fist","",44,0,"Manga","Reading","",""
"Overbearing Tyrant","",16,0,"Manga","Reading","",""
"Overlord of Insects","",30,0,"Manga","Reading","",""
"Paranoid Mage","",37,0,"Manga","Reading","",""
"Past Life Returner","",30,0,"Manhwa","Reading","",""
"Path of the Shaman","Wandering Warrior of Wudang",0,0,"Manhwa","Reading","",""
"Perfect Surgeon","",77,0,"Manga","Reading","",""
"Pick Me Up, Infinite Gacha","",36,0,"Manga","Reading","",""
"Player Who Returned 10,000 Years Later","",103,0,"Manhwa","Reading","",""
"Playing the Perfect Fox-Eyed Villain","",33,0,"Manga","Reading","",""
"Plaything","",77,0,"Manga","Reading","",""
"Poison-Eating Healer","",50,0,"Manga","Reading","",""
"Ranker's Return","",26,0,"Manhwa","Reading","",""
"Reader","",48,0,"Manga","Reading","",""
"Reality Quest","",70,0,"Manga","Reading","",""
"Real Man","",272,0,"Manga","Reading","",""
"Reaper of the Drifting Moon","",134,0,"Manga","Reading","",""
"Rebirth: Monarch of the Dead","",37,0,"Manga","Reading","",""
"Reborn As a Demonic Cultivator : Starting with a Zombie Planet","",8,0,"Manhua","Reading","",""
"Reborn As the Enemy Prince","",52,0,"Manhwa","Reading","",""
"Reborn As the Heavenly Demon","",106,0,"Manga","Reading","",""
"Reborn Ranker – Gravity User","",50,0,"Manhwa","Reading","",""
"Records of the Mystic Gardens","",35,0,"Manga","Reading","",""
"Reformation of the Deadbeat Noble","the Lazy Prince Becomes a Genius",60,0,"Manhwa","Reading","",""
"Regressing As the Reincarnated Bastard of the Sword Clan","",115,0,"Manhwa","Reading","",""
"Regression of the Yong Clan Heir","",50,0,"Manhwa","Reading","",""
"Regressor of the Fallen Family","",118,0,"Manga","Reading","",""
"Regressor’s Life After Retirement","",33,0,"Manga","Reading","",""
"Reincarnated As a Genius Prodigy of a Prestigious Family","",42,0,"Manhwa","Reading","",""
"Reincarnated As a Son of an Aristocrat","",50,0,"Manhwa","Reading","",""
"Reincarnated As the Strongest Monster Eater: Revenge on the Tyrant Dragon","",34,0,"Manhwa","Reading","",""
"Reincarnated Boss","",22,0,"Manhwa","Reading","",""
"Reincarnated Escort Warrior","",85,0,"Manhwa","Reading","",""
"Reincarnated War God","",63,0,"Manhwa","Reading","",""
"Reincarnation of a Martial Prodigy","",21,0,"Manhua","Reading","",""
"Reincarnation of the Fist King","",50,0,"Manhwa","Reading","",""
"Reincarnation of the Heavenly Demon","",90,0,"Manhwa","Reading","",""
"Reincarnation of the Murim Clan’s Former Ranker","the Previous Life Murim Ranker",126,0,"Manhwa","Reading","",""
"Reincarnation of the Strongest Sword God","",25,0,"Manhwa","Reading","",""
"Reincarnation of the Suicidal Battle God","",101,0,"Manhwa","Reading","",""
"Reincarnator's Stream","",21,0,"Manhwa","Reading","",""
"Relife Player","",51,0,"Manhwa","Reading","",""
"Rescue System","",56,0,"Manga","Reading","",""
"Reset Life of Regression Police","",138,0,"Manhwa","Reading","",""
"Rettou Gan No Tensei Majutsushi ~ Shiitage Rareta Saikyou No Minashigo Ga Isekai de Musou Suru","",17,0,"Manga","Reading","",""
"Return From the Abyss","",39,0,"Manga","Reading","",""
"Return of the Apocalypse-Class Death Knight","",91,0,"Manga","Reading","",""
"Return of the Bachelor","",97,0,"Manga","Reading","",""
"Return of the Bloodthirsty Police","",41,0,"Manga","Reading","",""
"Return of the Disaster-Class Hero","",182,0,"Manga","Reading","",""
"Return of the First Patriarch","",60,0,"Manga","Reading","",""
"Return of the Frozen Player","",145,0,"Manhwa","Reading","",""
"Return of the Genius Swordmaster","",9,0,"Manga","Reading","",""
"Return of the Legend","",80,0,"Manga","Reading","",""
"Return of the Max-Level Doctor","",18,0,"Manga","Reading","",""
"Return of the Mount Hua Sect","",183,0,"Manhwa","Reading","",""
"Return of the Runebound Professor","",5,0,"Manga","Reading","",""
"Return of the Shattered Constellation","",119,0,"Manga","Reading","",""
"Return of the Sss-Class Ranker","",181,0,"Manhwa","Reading","",""
"Return of the Sword God-Rank Civil Servant","",66,0,"Manga","Reading","",""
"Return of the Unrivaled Spear Knight","",126,0,"Manga","Reading","",""
"Return to Player","",118,0,"Manhwa","Reading","",""
"Revenge of the Iron-Blooded Sword Hound","",167,0,"Manga","Reading","",""
"Rise From the Rubble","",75,0,"Manga","Reading","",""
"Rise of the Limitless Necromancer","",44,0,"Manga","Reading","",""
"Saihate No Paladin","",18,0,"Manga","Reading","",""
"Saikyou Onmyouji No Isekai Tenseiki ~geboku No Youkaidomo Ni Kurabete Mon","",14.2,0,"Manga","Reading","",""
"Sakamoto Days","",14,0,"Manga","Reading","",""
"Savior of Divine Blood","",33,0,"Manga","Reading","",""
"Second Life of a Gangster (season 2)","",42,0,"Manhwa","Reading","",""
"Secret Family","",49,0,"Manga","Reading","",""
"Seoul Station Druid","",57,0,"Manga","Reading","",""
"Seoul Station’s Necromancer","",49,0,"Manga","Reading","",""
"Shokei Sareta Kenja Wa Lich Ni Tensei Shite Shinryaku Sensou Wo Hajimaru","the Executed Sage Is Reincarnated As a Lich and Starts an All-Out War",59,0,"Manga","Reading","",""
"Shoki Skill Ga Benri Sugite Isekai Seikatsu Ga Tanoshisugiru!","",12,0,"Manga","Reading","",""
"Sichuan's Supreme King","",46,0,"Manga","Reading","",""
"Skill Lender’s Retrieving (tale) ~i Told You It’s 10% Per 10 Days At First, Didn’t I~","",46,0,"Manga","Reading","",""
"Sleeping Ranker","",28,0,"Manhwa","Reading","",""
"Solo Leveling Ragnarok","",54,0,"Manhwa","Reading","",""
"Solo Max-Level Newbie","",188,0,"Manga","Reading","",""
"Solo Resurrection","",35,0,"Manga","Reading","",""
"Solo Spell Caster","",52,0,"Manga","Reading","",""
"Sozai Saishuka No Isekai Ryokouki","",27,0,"Manga","Reading","",""
"Sss-Class Gacha Hunter Chapter","",48,0,"Manhwa","Reading","",""
"Sss-Class Suicide Hunter","",63,0,"Manhwa","Reading","",""
"Standard of Reincarnation","",174,0,"Manhwa","Reading","",""
"Star-Embracing Swordmaster","",139,0,"Manga","Reading","",""
"Starting Today, I’m a Player","Player From Today Onwards",64,0,"Manhwa","Reading","",""
"Starting with 13 Hidden Traits","",11,0,"Manga","Reading","",""
"Steel-Eating Player","",64,0,"Manhwa","Reading","",""
"Steel Emperor","",50,0,"Manga","Reading","",""
"Storm Inn","",69,0,"Manga","Reading","",""
"Street Restaurant of a Returned Hero","",33,0,"Manga","Reading","",""
"Strongest Chef in Another World","",62,0,"Manga","Reading","",""
"Strongest Fighter","",44,0,"Manga","Reading","",""
"Super Cube","",64,0,"Manga","Reading","",""
"Superstar From Age 0","",86,0,"Manga","Reading","",""
"Supreme Taoist","",22,0,"Manga","Reading","",""
"Surviving As a Genius on Borrowed Time","",95,0,"Manga","Reading","",""
"Surviving with an Sss-Rank Inventory","",28,0,"Manga","Reading","",""
"Suterareta Tensei Kenja ~ Mamono No Mori de Saikyou No Dai Ma Teikoku O Tsukuriageru ~","",22,0,"Manga","Reading","",""
"Sword-Devouring Swordmaster","",46,0,"Manga","Reading","",""
"Sword Fanatic Wanders Through the Night","",9,0,"Manga","Reading","",""
"Swordmaster's Youngest Son","",214,0,"Manga","Reading","",""
"Sword of Benevolence","",121,0,"Manga","Reading","",""
"Take the Crown, I Want to Be a King","",2,0,"Manga","Reading","",""
"Talent-Swallowing Magician","",143,0,"Manga","Reading","",""
"Tales of a Shinning Sword","moonlight Sword",91,0,"Manga","Reading","",""
"Taming Master","",64,0,"Manga","Reading","",""
"Teenage Swordsman","",25,0,"Manga","Reading","",""
"Tensei Goblin Dakedo Shitsumon Aru?","",31,0,"Manga","Reading","",""
"Tensei Shitara Dai Nana Ouji Dattanode, Kimamani Majutsu O Kiwamemasu","",58,0,"Manga","Reading","",""
"The 10th Class Lout of the Knight Family","",11,0,"Manga","Reading","",""
"The 18-Year-Old Demon King","",25,0,"Manga","Reading","",""
"The Academy's Sashimi Sword Master","",14,0,"Manga","Reading","",""
"The Ancient Sovereign of Eternity","",59,0,"Manga","Reading","",""
"The Archmage’s Restaurant","",57,0,"Manga","Reading","",""
"The Back-Alley Mage's Return","",46,0,"Manga","Reading","",""
"The Best Martial Arts Instructor","",65,0,"Manhua","Reading","",""
"The Betrayed Hero Who Was Reincarnated As the Strongest Demon Lord","",9,0,"Manhwa","Reading","",""
"The Book Eating Magician","",42,0,"Manga","Reading","",""
"The Book of Lagier","",35,0,"Manga","Reading","",""
"The Boxer","",33,0,"Manga","Reading","",""
"The Boy of Death","",28,0,"Manga","Reading","",""
"The Chaebeol’s Youngest Son","",60,0,"Manga","Reading","",""
"The Challenger","",22,0,"Manga","Reading","",""
"The Constellations Are My Disciples","",68,0,"Manga","Reading","",""
"The Constellation That Returned From Hell","",82,0,"Manga","Reading","",""
"The Count's Youngest Son Is a Player","",148,0,"Manhwa","Reading","",""
"The Crown Prince That Sells Medicine","",57,0,"Manhwa","Reading","",""
"The Dark Mage’s Return to Enlistment","",50,0,"Manga","Reading","",""
"The Dark Magician Transmigrates After 66666 Years","",149,0,"Manga","Reading","",""
"The Dark Swordsman Returns","",36,0,"Manga","Reading","",""
"The Demon Faction’s Return","",73,0,"Manga","Reading","",""
"The Demon God","",49,0,"Manga","Reading","",""
"The Demonic Cult Instructor","",38,0,"Manga","Reading","",""
"The Divine Demon’s Grand Ascension","Heavenly Demon Sovereign",68,0,"Manhua","Reading","",""
"The Duke's Redemption","",16,0,"Manhwa","Reading","",""
"The Eldest Son of the Marquis House Is a Martial Artist","",24,0,"Manhua","Reading","",""
"The Exiled Reincarnated Heavy Knight Is Unrivaled in Game Knowledge","",172,0,"Manhwa","Reading","",""
"The Extra's Academy Survival Guide","",32,0,"Manga","Reading","",""
"The Extra Is Too Strong","",66,0,"Manga","Reading","",""
"The First Hunter","",9,0,"Manhwa","Reading","",""
"The Former Hero Was Called As a Failure and Expelled From His Home, Decided to Live on His Own","",14.1,0,"Manga","Reading","",""
"The Former Mercenary's Life As a Prosecutor","",36,0,"Manga","Reading","",""
"The Galactic Navy Officer Becomes an Adventurer","",31,0,"Manga","Reading","",""
"The Game That I Came From","",139,0,"Manga","Reading","",""
"The Genius Martial Artist Who Remembers Everything","",29,0,"Manhua","Reading","",""
"The Genius Midfielder’s Passes Are Special","",71,0,"Manga","Reading","",""
"The Genius Wants to Be Ordinary","",49,0,"Manga","Reading","",""
"The Genius Who Sees Through the World","",28,0,"Manga","Reading","",""
"The Glutton","",50,0,"Manga","Reading","",""
"The God of Pro Wrestling","",23,0,"Manga","Reading","",""
"The Golden Age","",36,0,"Manga","Reading","",""
"The Greatest Estate Developer","",213,0,"Manga","Completed","",""
"The Greatest in the World","",21,0,"Manga","Reading","",""
"The Great Mage of the Hero’s Party Reincarnates","",78,0,"Manhwa","Reading","",""
"The Heavenly Demon Can’t Live a Normal Life","",204,0,"Manga","Reading","",""
"The Heavenly Demon Destroys the Lich King’s Murim","",61,0,"Manhwa","Reading","",""
"The Heavenly Demon Wants a Quiet Life","",99,0,"Manga","Reading","",""
"The Heavenly Demon Will Give You a Massage","",80,0,"Manga","Reading","",""
"The Heir","",52,0,"Manga","Reading","",""
"The Hero Returns","",86,0,"Manga","Reading","",""
"The Hero Starts Over At the Academy","",60,0,"Manga","Reading","",""
"The Illegitimate Who Devours Weapons","",67,0,"Manga","Reading","",""
"The Immortal Genius Spearman","",27,0,"Manhua","Reading","",""
"The Indomitable Martial King","",110,0,"Manhua","Reading","",""
"The Investor Who Sees the Future","",88,0,"Manga","Reading","",""
"The Irregular of the Royal Academy of Magic ~the Strongest Sorcerer From the Slums Is Unrivaled in the School of Royals ~","",28,0,"Manga","Reading","",""
"The King of Bugs","",49,0,"Manga","Reading","",""
"The Lazy Swordmaster","",11,0,"Manga","Reading","",""
"The Legendary Hero Is an Academy Honors Student","",26,0,"Manga","Reading","",""
"The Legendary Mechanic","",76,0,"Manga","Reading","",""
"The Legendary Swordmaster: Only I Have the Power to Forge Swords From Monsters","",25,0,"Manga","Reading","",""
"The Live","",82,0,"Manga","Reading","",""
"The Lone Necromancer","",22,0,"Manga","Reading","",""
"The Lord’s Coins Aren’t Decreasing?!","",178,0,"Manga","Reading","",""
"The Mad Dog of the Duke's Estate","",72,0,"Manhwa","Reading","",""
"The Main Characters That Only I Know","",35,0,"Manga","Reading","",""
"The Masters Are Subscribing to Me","",33,0,"Manga","Reading","",""
"The Max-Level Player’s 100th Regression","",81,0,"Manhwa","Reading","",""
"The Millennium Alchemist","",29,0,"Manga","Reading","",""
"The Most Notorious ""talker"" Runs the World's Greatest Clan","",43,0,"Manga","Reading","",""
"The Mysterious World’s Greatest Martial Artist Little Prince","",80,0,"Manhua","Reading","",""
"The Namgung Clan’s Great Sage","",27,0,"Manga","Reading","",""
"The Necromancer Family’s Young Heir","",21,0,"Manga","Reading","",""
"The Newbie Is Too Strong","",16,0,"Manga","Reading","",""
"The Novel’s Extra","",79,0,"Manga","Reading","",""
"The Otherworldly Infection Story That Started with a Virus Reincarnation","",11.2,0,"Manhwa","Reading","",""
"The People on Earth Are Too Ferocious","",36,0,"Manga","Reading","",""
"The Player Hides His Past","",34,0,"Manhwa","Reading","",""
"The Player That Can’t Level Up","",144,0,"Manhwa","Reading","",""
"The Police Are Too Strong","",28,0,"Manga","Reading","",""
"The Politician Who Can See the Future","",31,0,"Manga","Reading","",""
"The Protagonist's Hidden Strength","",35,0,"Manga","Reading","",""
"The Raider","",15,0,"Manga","Reading","",""
"There Are No Bad Heroes in This World","",31,0,"Manga","Reading","",""
"The Rebirth of the Divine Demon","",34,0,"Manga","Reading","",""
"The Regressed Demon Lord Is Kind","",59,0,"Manga","Reading","",""
"The Regressed Mercenary's Machinations","",109,0,"Manga","Reading","",""
"The Regressed Son of a Duke Is an Assassin","",113,0,"Manhwa","Reading","",""
"The Regressed Sword Saint's Magic Theory","",37,0,"Manga","Reading","",""
"The Regressor Can Make Them All","",39,0,"Manga","Reading","",""
"The Reincarnated Assassin Is a Genius Swordsman","",31,0,"Manhwa","Reading","",""
"The Reincarnated Cop Who Strikes with Wealth","",11,0,"Manhwa","Reading","",""
"The Reincarnation of the Forbidden Archmage","",75,0,"Manhwa","Reading","",""
"The Return of Apocalypses Tyrant","",23,0,"Manga","Reading","",""
"The Return of Namgung's Granddaughter","",55,0,"Manga","Reading","",""
"The Return of the Crazy Demon","",87,0,"Manga","Reading","",""
"The Return of the Prodigious Swordmaster","",31,0,"Manga","Reading","",""
"The Return of the Unrivaled Genius Ranker","",42,0,"Manhwa","Reading","",""
"The S-Classes That I Raised","",123,0,"Manga","Reading","",""
"The S-Rank Hunter's Healing Life with Monsters","",23,0,"Manhwa","Reading","",""
"The Saint Who Levels Up As a Necromancer","",40,0,"Manga","Reading","",""
"The Shepherd Wizard","",38,0,"Manga","Reading","",""
"The Story of a Low-Rank Soldier Becoming a Monarch","",146,0,"Manga","Reading","",""
"The Strongest Dull Prince’s Secret Battle for the Throne","",12.2,0,"Manhwa","Reading","",""
"The Strongest Ever","",54,0,"Manga","Reading","",""
"The Strongest Florist","",9,0,"Manga","Reading","",""
"The Strongest Unemployed Hero","",61,0,"Manga","Reading","",""
"The Sword Emperor's Rise of Namgung","",27,0,"Manga","Reading","",""
"The Sword God From the Destroyed World","",51,0,"Manga","Reading","",""
"The Swordmaster's Reincarnation","",13,0,"Manhwa","Reading","",""
"The Tang Clan Chronicles","",63,0,"Manga","Reading","",""
"The Terminally Ill Young Master of the Baek Clan","",8,0,"Manga","Reading","",""
"The Third Prince of the Fallen Kingdom Has Regressed","",55,0,"Manhwa","Reading","",""
"The Thousand Faces Actor","",51,0,"Manga","Reading","",""
"The Top Ranker's Aspiring Writer Life Manual","",50,0,"Manhwa","Reading","",""
"The Tutorial Is Too Hard","",44,0,"Manga","Reading","",""
"The Ultimate Shut in","",92,0,"Manga","Reading","",""
"The Useless Tamer Will Turn Into the Top Unconsciously By My Previous Life Knowledge","",27,0,"Manga","Reading","",""
"The Villainous Warrior","",80,0,"Manga","Reading","",""
"The Wandering Knight's Survival Manual","",62,0,"Manga","Reading","",""
"The Weakest Occupation ""blacksmith,"" but It's Actually the Strongest","",84,0,"Manga","Reading","",""
"The World's Best Kunlun Tavern","",21,0,"Manga","Reading","",""
"The World After the End","Fall",32,0,"Manga","Reading","",""
"The World’s Fastest Level Up!","",11,0,"Manga","Reading","",""
"The Youngest Son of the Eunhae Merchant Group","",50,0,"Manga","Reading","",""
"This Is the Law","",139,0,"Manga","Reading","",""
"Time Roulette","",17,0,"Manga","Reading","",""
"To Hell with Being a Saint, I’m a Doctor","",36,0,"Manga","Reading","",""
"Top Corner","",26,0,"Manga","Reading","",""
"Top Tier Providence","",34,0,"Manga","Reading","",""
"Trait Hoarder","",82,0,"Manga","Reading","",""
"Transcension Academy","",46,0,"Manga","Reading","",""
"Transmigrating to the Otherworld Once More","",15,0,"Manga","Reading","",""
"Trapped in a Webnovel As a Good for Nothing","",124,0,"Manga","Reading","",""
"Tricks Dedicated to Witches","",18,0,"Manga","Reading","",""
"Trigger","",23,0,"Manga","Reading","",""
"Trinity Wonder","",60,0,"Manga","Reading","",""
"True Education","",82,0,"Manga","Reading","",""
"Two Moon","",36,0,"Manga","Reading","",""
"Ultimate Scheming System","Strongest Anti M.e.t.a",113,0,"Manga","Reading","",""
"Undead King ~a Low-Ranking Adventurer, with the Power of Monsters, Becomes Unbeatable~","",47,0,"Manga","Reading","",""
"Unrivaled Samurai ~ the Strongest Samurai of the Sengoku Period Conquers Another World ~","",7.3,0,"Manga","Reading","",""
"Unrivaled Spear Demon","",54,0,"Manga","Reading","",""
"Useless Wizard","",14,0,"Manga","Reading","",""
"Using My Cooking Skills in a Murim World","",28,0,"Manhwa","Reading","",""
"Valhalla Saga","",14,0,"Manga","Reading","",""
"Villain to Kill","",32,0,"Manga","Reading","",""
"Warrior High School – Dungeon Raid Department","",45,0,"Manhwa","Reading","",""
"Watch Easygoing Territory Defense By the Optimistic Lord","",22,0,"Manga","Reading","",""
"Weakest Little Monster","",27,0,"Manga","Reading","",""
"Weak Hero","",60,0,"Manga","Reading","",""
"Weak Teacher","",31,0,"Manga","Reading","",""
"Weapon Maker","",32,0,"Manga","Reading","",""
"What's Our Hero Doing","",29,0,"Manga","Reading","",""
"When a Genius Office Worker Goes Too Far","",28,0,"Manga","Reading","",""
"Wild West Murim","",62,0,"Manhwa","Reading","",""
"Wizard’s Martial World","",42,0,"Manhua","Reading","",""
"World’s Greatest Senior Disciple","",124,0,"Manga","Reading","",""
"World’s Strongest Troll","",18,0,"Manga","Reading","",""
"Worn and Torn Newbie","",131,0,"Manga","Reading","",""
"Worthless Regression","",62,0,"Manhwa","Reading","",""
"Writers Legacy","",1,0,"Manga","Reading","",""
"Youngest Chef From the 3rd Rate Hotel","",48,0,"Manga","Reading","",""
"Youngest Scion of the Mages","",105,0,"Manga","Reading","",""
"Youngest Son of the Namgung Clan","",40,0,"Manga","Reading","",""
"Your Talent Is Mine","",92,0,"Manga","Reading","",""
"Yuusha Party Wo Tsuihou Sareta Beast Tamer, Saikyou Shuzoku Nekomimi Shojo to Deau","",55,0,"Manga","Reading","",""